{"version": 1, "notes": "", "documentation": "\"This file is a QMK Configurator export. You can import this at <https://config.qmk.fm>. It can also be used directly with QMK's source code.\n\nTo setup your QMK environment check out the tutorial: <https://docs.qmk.fm/#/newbs>\n\nYou can convert this file to a keymap.c using this command: `qmk json2c {keymap}`\n\nYou can compile this keymap using this command: `qmk compile {keymap}`\"\n", "keyboard": "keebio/nyquist/rev3", "keymap": "cornelike_dvorak_nyquist_querty", "layout": "LAYOUT", "layers": [["KC_NO", "KC_NO", "KC_NO", "KC_NO", "KC_NO", "KC_NO", "KC_NO", "KC_NO", "KC_NO", "KC_NO", "KC_NO", "KC_NO", "KC_TAB", "KC_QUOT", "KC_COMM", "KC_DOT", "KC_P", "KC_Y", "KC_F", "KC_G", "KC_C", "KC_R", "KC_L", "KC_BSPC", "LCTL_T(KC_ESC)", "KC_A", "KC_O", "KC_E", "KC_U", "KC_I", "KC_D", "KC_H", "KC_T", "KC_N", "KC_S", "KC_MINS", "KC_LSFT", "KC_SCLN", "KC_Q", "KC_J", "KC_K", "KC_X", "KC_B", "KC_M", "KC_W", "KC_V", "KC_Z", "RSFT_T(KC_ENT)", "KC_NO", "KC_NO", "KC_NO", "KC_LGUI", "MO(1)", "KC_SPC", "KC_SPC", "MO(2)", "KC_RALT", "KC_NO", "KC_NO", "KC_NO"], ["KC_NO", "KC_NO", "KC_NO", "KC_NO", "KC_NO", "KC_NO", "KC_NO", "KC_NO", "KC_NO", "KC_NO", "KC_NO", "KC_NO", "KC_TILD", "KC_EXLM", "KC_AT", "KC_HASH", "KC_DLR", "KC_PERC", "KC_CIRC", "KC_AMPR", "KC_ASTR", "KC_LPRN", "KC_RPRN", "KC_BSLS", "LCTL_T(KC_ESC)", "KC_NO", "KC_NO", "KC_NO", "KC_NO", "KC_NO", "KC_NO", "KC_EQL", "KC_BSLS", "KC_LBRC", "KC_RBRC", "KC_SLSH", "KC_LSFT", "KC_NO", "KC_NO", "KC_NO", "KC_NO", "KC_NO", "KC_NO", "KC_PLUS", "KC_PIPE", "KC_LCBR", "KC_RCBR", "RSFT_T(KC_ENT)", "KC_NO", "KC_NO", "KC_NO", "KC_LGUI", "KC_TRNS", "KC_SPC", "KC_SPC", "MO(3)", "KC_RCTL", "KC_NO", "KC_NO", "KC_NO"], ["KC_NO", "KC_NO", "KC_NO", "KC_NO", "KC_NO", "KC_NO", "KC_NO", "KC_NO", "KC_NO", "KC_NO", "KC_NO", "KC_NO", "KC_GRV", "KC_1", "KC_2", "KC_3", "KC_4", "KC_5", "KC_6", "KC_7", "KC_8", "KC_9", "KC_0", "KC_NO", "LCTL_T(KC_ESC)", "KC_NO", "KC_NO", "KC_NO", "KC_NO", "KC_NO", "KC_LEFT", "KC_DOWN", "KC_UP", "KC_RGHT", "KC_NO", "KC_NO", "KC_LSFT", "KC_NO", "KC_NO", "KC_NO", "KC_NO", "KC_NO", "KC_NO", "KC_NO", "KC_NO", "KC_NO", "KC_NO", "RSFT_T(KC_ENT)", "KC_NO", "KC_NO", "KC_NO", "KC_LALT", "MO(3)", "KC_SPC", "KC_SPC", "KC_TRNS", "KC_RALT", "KC_NO", "KC_NO", "KC_NO"], ["KC_NO", "KC_NO", "KC_NO", "KC_NO", "KC_NO", "KC_NO", "KC_NO", "KC_NO", "KC_NO", "KC_NO", "KC_NO", "KC_NO", "KC_NO", "KC_F1", "KC_F2", "KC_F3", "KC_F4", "KC_F5", "KC_F6", "KC_F7", "KC_F8", "KC_F9", "KC_F10", "KC_NO", "RGB_TOG", "RGB_MOD", "RGB_VAI", "KC_NO", "KC_NO", "KC_F11", "KC_F12", "KC_NO", "KC_NO", "RGB_HUI", "RGB_SAI", "KC_NO", "KC_CAPS", "RGB_RMOD", "RGB_VAD", "KC_MRWD", "KC_MPLY", "KC_MFFD", "KC_VOLD", "KC_MUTE", "KC_VOLU", "RGB_HUD", "RGB_SAD", "RESET", "KC_NO", "KC_NO", "KC_NO", "KC_NO", "KC_TRNS", "KC_NO", "KC_NO", "KC_TRNS", "KC_NO", "KC_NO", "KC_NO", "DF(4)"], ["KC_GESC", "KC_1", "KC_2", "KC_3", "KC_4", "KC_5", "KC_6", "KC_7", "KC_8", "KC_9", "KC_0", "KC_BSPC", "KC_TAB", "KC_Q", "KC_W", "KC_E", "KC_R", "KC_T", "KC_Y", "KC_U", "KC_I", "KC_O", "KC_P", "KC_LBRC", "LCTL_T(KC_ESC)", "KC_A", "KC_S", "KC_D", "KC_F", "KC_G", "KC_H", "KC_J", "KC_K", "KC_L", "KC_SCLN", "KC_QUOT", "KC_LSFT", "KC_Z", "KC_X", "KC_C", "KC_V", "KC_B", "KC_N", "KC_M", "KC_COMM", "KC_DOT", "KC_SLSH", "KC_SFTENT", "KC_LCTL", "KC_LGUI", "KC_HOME", "KC_LALT", "MO(5)", "KC_SPC", "KC_SPC", "MO(5)", "KC_RALT", "KC_END", "KC_RCTL", "DF(0)"], ["KC_GRV", "KC_F1", "KC_F2", "KC_F3", "KC_F4", "KC_F5", "KC_F6", "KC_F7", "KC_F8", "KC_F9", "KC_F10", "KC_DEL", "KC_NO", "KC_NO", "KC_NO", "KC_NO", "KC_NO", "KC_F11", "KC_F12", "KC_NO", "KC_NO", "KC_MINS", "KC_EQL", "KC_RBRC", "RGB_TOG", "KC_NO", "KC_NO", "KC_NO", "KC_NO", "KC_NO", "KC_LEFT", "KC_DOWN", "KC_UP", "KC_RGHT", "KC_NO", "KC_BSLS", "KC_CAPS", "KC_NO", "KC_NO", "KC_MPRV", "KC_MPLY", "KC_MNXT", "KC_VOLD", "KC_MUTE", "KC_VOLU", "KC_NO", "KC_NO", "KC_NO", "KC_NO", "KC_NO", "KC_NO", "KC_NO", "KC_TRNS", "KC_NO", "KC_NO", "KC_TRNS", "KC_NO", "KC_NO", "KC_NO", "KC_NO"]]}
